[
  {
    "region": "Бокситогорский",
    "unit": "Пикалёвское ГП",
    "unit_center": "г Пикалёво"
  },
  {
    "region": "Бокситогорский",
    "unit": "Бокситогорское ГП",
    "unit_center": "г Бокситогорск"
  },
  {
    "region": "Бокситогорский",
    "unit": "Ефимовское ГП",
    "unit_center": "гп Ефимовский"
  },
  {
    "region": "Бокситогорский",
    "unit": "Борское СП",
    "unit_center": "д Бор"
  },
  {
    "region": "Бокситогорский",
    "unit": "Лидское СП",
    "unit_center": "п Заборье"
  },
  {
    "region": "Волосовский",
    "unit": "Волосовское ГП",
    "unit_center": "г Волосово"
  },
  {
    "region": "Волосовский",
    "unit": "Большеврудское СП",
    "unit_center": "д Большая Вруда"
  },
  {
    "region": "Волосовский",
    "unit": "Бегуницкое СП",
    "unit_center": "д Бегуницы"
  },
  {
    "region": "Волосовский",
    "unit": "Клопицкое СП",
    "unit_center": "д Клопицы"
  },
  {
    "region": "Волосовский",
    "unit": "Калитинское СП",
    "unit_center": "п Калитино"
  },
  {
    "region": "Волосовский",
    "unit": "Рабитицкое СП",
    "unit_center": "д Рабитицы"
  },
  {
    "region": "Волосовский",
    "unit": "Сабское СП",
    "unit_center": "д Большой Сабск"
  },
  {
    "region": "Волховский",
    "unit": "Волховское ГП",
    "unit_center": "г Волхов"
  },
  {
    "region": "Волховский",
    "unit": "Сясьстройское ГП",
    "unit_center": "г Сясьстрой"
  },
  {
    "region": "Волховский",
    "unit": "Новоладожское ГП",
    "unit_center": "г Новая Ладога"
  },
  {
    "region": "Волховский",
    "unit": "Пашское СП",
    "unit_center": "с Паша"
  },
  {
    "region": "Волховский",
    "unit": "Староладожское СП",
    "unit_center": "с Старая Ладога"
  },
  {
    "region": "Волховский",
    "unit": "Вындиноостровское СП",
    "unit_center": "д Вындин Остров"
  },
  {
    "region": "Волховский",
    "unit": "Усадищенское СП",
    "unit_center": "д Усадище"
  },
  {
    "region": "Волховский",
    "unit": "Иссадское СП",
    "unit_center": "д Иссад"
  },
  {
    "region": "Волховский",
    "unit": "Бережковское СП",
    "unit_center": "д Бережки"
  },
  {
    "region": "Волховский",
    "unit": "Кисельнинское СП",
    "unit_center": "д Кисельня"
  },
  {
    "region": "Волховский",
    "unit": "Колчановское СП",
    "unit_center": "с Колчаново"
  },
  {
    "region": "Волховский",
    "unit": "Потанинское СП",
    "unit_center": "д Потанино"
  },
  {
    "region": "Всеволожский",
    "unit": "Муринское ГП",
    "unit_center": "г Мурино"
  },
  {
    "region": "Всеволожский",
    "unit": "Всеволожское ГП",
    "unit_center": "г Всеволожск"
  },
  {
    "region": "Всеволожский",
    "unit": "Сертоловское ГП",
    "unit_center": "г Сертолово"
  },
  {
    "region": "Всеволожский",
    "unit": "Заневское ГП",
    "unit_center": "г Кудрово"
  },
  {
    "region": "Всеволожский",
    "unit": "Бугровское СП",
    "unit_center": "п Бугры"
  },
  {
    "region": "Всеволожский",
    "unit": "Новодевяткинское СП",
    "unit_center": "д Новое Девяткино"
  },
  {
    "region": "Всеволожский",
    "unit": "Заневское ГП",
    "unit_center": "гп Янино-1"
  },
  {
    "region": "Всеволожский",
    "unit": "Куйвозовское СП",
    "unit_center": "д Куйвози"
  },
  {
    "region": "Всеволожский",
    "unit": "Свердловское ГП",
    "unit_center": "гп им Свердлова"
  },
  {
    "region": "Всеволожский",
    "unit": "Кузьмоловское ГП",
    "unit_center": "гп Кузьмоловский"
  },
  {
    "region": "Всеволожский",
    "unit": "Морозовское ГП",
    "unit_center": "гп им Морозова"
  },
  {
    "region": "Всеволожский",
    "unit": "Романовское СП",
    "unit_center": "п Романовка"
  },
  {
    "region": "Всеволожский",
    "unit": "Рахьинское ГП",
    "unit_center": "гп Рахья"
  },
  {
    "region": "Всеволожский",
    "unit": "Токсовское ГП",
    "unit_center": "гп Токсово"
  },
  {
    "region": "Всеволожский",
    "unit": "Юкковское СП",
    "unit_center": "д Юкки"
  },
  {
    "region": "Всеволожский",
    "unit": "Агалатовское СП",
    "unit_center": "д Агалатово"
  },
  {
    "region": "Всеволожский",
    "unit": "Дубровское ГП",
    "unit_center": "гп Дубровка"
  },
  {
    "region": "Всеволожский",
    "unit": "Колтушское ГП",
    "unit_center": "г Колтуши"
  },
  {
    "region": "Всеволожский",
    "unit": "Лесколовское СП",
    "unit_center": "д Верхние Осельки"
  },
  {
    "region": "Всеволожский",
    "unit": "Щегловское СП",
    "unit_center": "п Щеглово"
  },
  {
    "region": "Выборгский",
    "unit": "Выборгское ГП",
    "unit_center": "г Выборг"
  },
  {
    "region": "Выборгский",
    "unit": "Рощинское ГП",
    "unit_center": "гп Рощино"
  },
  {
    "region": "Выборгский",
    "unit": "Светогорское ГП",
    "unit_center": "г Светогорск"
  },
  {
    "region": "Выборгский",
    "unit": "Приморское ГП",
    "unit_center": "г Приморск"
  },
  {
    "region": "Выборгский",
    "unit": "Высоцкое ГП",
    "unit_center": "г Высоцк"
  },
  {
    "region": "Выборгский",
    "unit": "Каменногорское ГП",
    "unit_center": "г Каменногорск"
  },
  {
    "region": "Выборгский",
    "unit": "Первомайское СП",
    "unit_center": "п Первомайское"
  },
  {
    "region": "Выборгский",
    "unit": "Селезнёвское СП",
    "unit_center": "п Селезнёво"
  },
  {
    "region": "Выборгский",
    "unit": "Советское ГП",
    "unit_center": "гп Советский"
  },
  {
    "region": "Гатчинский",
    "unit": "Гатчинское ГП",
    "unit_center": "г Гатчина"
  },
  {
    "region": "Гатчинский",
    "unit": "Коммунарское ТУ",
    "unit_center": "г Коммунар"
  },
  {
    "region": "Гатчинский",
    "unit": "Сиверское ТУ",
    "unit_center": "гп Сиверский"
  },
  {
    "region": "Гатчинский",
    "unit": "Вырицкое ТУ",
    "unit_center": "гп Вырица"
  },
  {
    "region": "Гатчинский",
    "unit": "Пудостьское ТУ",
    "unit_center": "п Пудость"
  },
  {
    "region": "Гатчинский",
    "unit": "Сусанинское ТУ",
    "unit_center": "п Сусанино"
  },
  {
    "region": "Гатчинский",
    "unit": "Веревское ТУ",
    "unit_center": "д Малое Верево"
  },
  {
    "region": "Гатчинский",
    "unit": "Большеколпанское ТУ",
    "unit_center": "д Большие Колпаны"
  },
  {
    "region": "Гатчинский",
    "unit": "Пудомягское ТУ",
    "unit_center": "д Пудомяги"
  },
  {
    "region": "Гатчинский",
    "unit": "Таицкое ТУ",
    "unit_center": "гп Тайцы"
  },
  {
    "region": "Гатчинский",
    "unit": "Войсковицкое ТУ",
    "unit_center": "п Войсковицы"
  },
  {
    "region": "Гатчинский",
    "unit": "Сяськелевское ТУ",
    "unit_center": "д Сяськелево"
  },
  {
    "region": "Гатчинский",
    "unit": "Новосветское ТУ",
    "unit_center": "п Новый Свет"
  },
  {
    "region": "Гатчинский",
    "unit": "Кобринское ТУ",
    "unit_center": "п Кобринское"
  },
  {
    "region": "Гатчинский",
    "unit": "Елизаветинское ТУ",
    "unit_center": "п Елизаветино"
  },
  {
    "region": "Гатчинский",
    "unit": "Дружногорское ТУ",
    "unit_center": "гп Дружная Горка"
  },
  {
    "region": "Кингисеппский",
    "unit": "Кингисеппское ГП",
    "unit_center": "г Кингисепп"
  },
  {
    "region": "Кингисеппский",
    "unit": "Ивангородское ГП",
    "unit_center": "г Ивангород"
  },
  {
    "region": "Кингисеппский",
    "unit": "Пустомержское СП",
    "unit_center": "д Большая Пустомержа"
  },
  {
    "region": "Кингисеппский",
    "unit": "Котельское СП",
    "unit_center": "п Котельский"
  },
  {
    "region": "Кингисеппский",
    "unit": "Усть-Лужское СП",
    "unit_center": "п Усть-Луга"
  },
  {
    "region": "Кингисеппский",
    "unit": "Большелуцкое СП",
    "unit_center": "п Кингисеппский"
  },
  {
    "region": "Кингисеппский",
    "unit": "Опольевское СП",
    "unit_center": "д Ополье"
  },
  {
    "region": "Кингисеппский",
    "unit": "Фалилеевское СП",
    "unit_center": "д Фалилеево"
  },
  {
    "region": "Киришский",
    "unit": "Киришское ГП",
    "unit_center": "г Кириши"
  },
  {
    "region": "Киришский",
    "unit": "Будогощское ГП",
    "unit_center": "гп Будогощь"
  },
  {
    "region": "Киришский",
    "unit": "Глажевское СП",
    "unit_center": "п Глажево"
  },
  {
    "region": "Киришский",
    "unit": "Пчевское СП",
    "unit_center": "д Пчева"
  },
  {
    "region": "Киришский",
    "unit": "Пчевжинское СП",
    "unit_center": "п Пчевжа"
  },
  {
    "region": "Кировский",
    "unit": "Отрадненское ГП",
    "unit_center": "г Отрадное"
  },
  {
    "region": "Кировский",
    "unit": "Кировск МО",
    "unit_center": "г Кировск"
  },
  {
    "region": "Кировский",
    "unit": "Шлиссельбургское ГП",
    "unit_center": "г Шлиссельбург"
  },
  {
    "region": "Кировский",
    "unit": "Мгинское ГП",
    "unit_center": "гп Мга"
  },
  {
    "region": "Кировский",
    "unit": "Назиевское ГП",
    "unit_center": "гп Назия"
  },
  {
    "region": "Кировский",
    "unit": "Приладожское ГП",
    "unit_center": "гп Приладожский"
  },
  {
    "region": "Кировский",
    "unit": "Шумское СП",
    "unit_center": "с Шум"
  },
  {
    "region": "Кировский",
    "unit": "Синявинское ГП",
    "unit_center": "гп Синявино"
  },
  {
    "region": "Кировский",
    "unit": "Павловское ГП",
    "unit_center": "гп Павлово"
  },
  {
    "region": "Кировский",
    "unit": "Путиловское СП",
    "unit_center": "с Путилово"
  },
  {
    "region": "Лодейнопольский",
    "unit": "Лодейнопольское ГП",
    "unit_center": "г Лодейное Поле"
  },
  {
    "region": "Лодейнопольский",
    "unit": "Алёховщинское СП",
    "unit_center": "с Алёховщина"
  },
  {
    "region": "Лодейнопольский",
    "unit": "Янегское СП",
    "unit_center": "п Янега"
  },
  {
    "region": "Ломоносовский",
    "unit": "Аннинское ГП",
    "unit_center": "гп Новоселье"
  },
  {
    "region": "Ломоносовский",
    "unit": "Виллозское ГП",
    "unit_center": "гп Виллози"
  },
  {
    "region": "Ломоносовский",
    "unit": "Горбунковское СП",
    "unit_center": "д Горбунки"
  },
  {
    "region": "Ломоносовский",
    "unit": "Русско-Высоцкое СП",
    "unit_center": "с Русско-Высоцкое"
  },
  {
    "region": "Ломоносовский",
    "unit": "Кипенское СП",
    "unit_center": "д Кипень"
  },
  {
    "region": "Ломоносовский",
    "unit": "Лебяженское ГП",
    "unit_center": "гп Лебяжье"
  },
  {
    "region": "Ломоносовский",
    "unit": "Ропшинское СП",
    "unit_center": "п Ропша"
  },
  {
    "region": "Ломоносовский",
    "unit": "Гостилицкое СП",
    "unit_center": "д Гостилицы"
  },
  {
    "region": "Ломоносовский",
    "unit": "Лопухинское СП",
    "unit_center": "д Лопухинка"
  },
  {
    "region": "Ломоносовский",
    "unit": "Пениковское СП",
    "unit_center": "д Пеники"
  },
  {
    "region": "Ломоносовский",
    "unit": "Большеижорское ГП",
    "unit_center": "гп Большая Ижора"
  },
  {
    "region": "Ломоносовский",
    "unit": "Оржицкое СП",
    "unit_center": "д Оржицы"
  },
  {
    "region": "Ломоносовский",
    "unit": "Копорское СП",
    "unit_center": "с Копорье"
  },
  {
    "region": "Ломоносовский",
    "unit": "Лаголовское СП",
    "unit_center": "д Лаголово"
  },
  {
    "region": "Лужский",
    "unit": "Лужское ГП",
    "unit_center": "г Луга"
  },
  {
    "region": "Лужский",
    "unit": "Толмачёвское ГП",
    "unit_center": "гп Толмачёво"
  },
  {
    "region": "Лужский",
    "unit": "Заклинское СП",
    "unit_center": "д Заклинье"
  },
  {
    "region": "Лужский",
    "unit": "Мшинское СП",
    "unit_center": "п Мшинская"
  },
  {
    "region": "Лужский",
    "unit": "Дзержинское СП",
    "unit_center": "п Дзержинского"
  },
  {
    "region": "Лужский",
    "unit": "Ям-Тёсовское СП",
    "unit_center": "д Ям-Тёсово"
  },
  {
    "region": "Лужский",
    "unit": "Осьминское СП",
    "unit_center": "п Осьмино"
  },
  {
    "region": "Лужский",
    "unit": "Ретюнское СП",
    "unit_center": "д Ретюнь"
  },
  {
    "region": "Лужский",
    "unit": "Торковичское СП",
    "unit_center": "п Торковичи"
  },
  {
    "region": "Лужский",
    "unit": "Скребловское СП",
    "unit_center": "п Скреблово"
  },
  {
    "region": "Лужский",
    "unit": "Волошовское СП",
    "unit_center": "п Волошово"
  },
  {
    "region": "Лужский",
    "unit": "Володарское СП",
    "unit_center": "п Володарское"
  },
  {
    "region": "Лужский",
    "unit": "Оредежское СП",
    "unit_center": "п Оредеж"
  },
  {
    "region": "Подпорожский",
    "unit": "Подпорожское ГП",
    "unit_center": "г Подпорожье"
  },
  {
    "region": "Подпорожский",
    "unit": "Никольское ГП",
    "unit_center": "гп Никольский"
  },
  {
    "region": "Подпорожский",
    "unit": "Важинское ГП",
    "unit_center": "гп Важины"
  },
  {
    "region": "Подпорожский",
    "unit": "Вознесенское ГП",
    "unit_center": "гп Вознесенье"
  },
  {
    "region": "Подпорожский",
    "unit": "Винницкое СП",
    "unit_center": "с Винницы"
  },
  {
    "region": "Приозерский",
    "unit": "Плодовское СП",
    "unit_center": "п Плодовое"
  },
  {
    "region": "Приозерский",
    "unit": "Громовское СП",
    "unit_center": "п Громово"
  },
  {
    "region": "Приозерский",
    "unit": "Петровское СП",
    "unit_center": "п Петровское"
  },
  {
    "region": "Приозерский",
    "unit": "Раздольевское СП",
    "unit_center": "д Раздолье"
  },
  {
    "region": "Приозерский",
    "unit": "Красноозёрное СП",
    "unit_center": "д Красноозёрное"
  },
  {
    "region": "Приозерский",
    "unit": "Запорожское СП",
    "unit_center": "п Запорожское"
  },
  {
    "region": "Приозерский",
    "unit": "Кузнечнинское ГП",
    "unit_center": "гп Кузнечное"
  },
  {
    "region": "Приозерский",
    "unit": "Ларионовское СП",
    "unit_center": "п Ларионово"
  },
  {
    "region": "Приозерский",
    "unit": "Мельниковское СП",
    "unit_center": "п Мельниково"
  },
  {
    "region": "Приозерский",
    "unit": "Мичуринское СП",
    "unit_center": "п Мичуринское"
  },
  {
    "region": "Приозерский",
    "unit": "Приозерское ГП",
    "unit_center": "г Приозерск"
  },
  {
    "region": "Приозерский",
    "unit": "Ромашкинское СП",
    "unit_center": "п Ромашки"
  },
  {
    "region": "Приозерский",
    "unit": "Сосновское СП",
    "unit_center": "п Сосново"
  },
  {
    "region": "Сланцевский",
    "unit": "Сланцевское ГП",
    "unit_center": "г Сланцы"
  },
  {
    "region": "Сланцевский",
    "unit": "Выскатское СП",
    "unit_center": "д Выскатка"
  },
  {
    "region": "Сланцевский",
    "unit": "Гостицкое СП",
    "unit_center": "д Гостицы"
  },
  {
    "region": "Сосновоборский ГО",
    "unit": "Сосновый Бор",
    "unit_center": "г Сосновый Бор"
  },
  {
    "region": "Тихвинский",
    "unit": "Тихвинское ГП",
    "unit_center": "г Тихвин"
  },
  {
    "region": "Тихвинский",
    "unit": "Шугозерское СП",
    "unit_center": "п Шугозеро"
  },
  {
    "region": "Тихвинский",
    "unit": "Борское СП",
    "unit_center": "д Бор"
  },
  {
    "region": "Тосненский",
    "unit": "Тосненское ГП",
    "unit_center": "г Тосно"
  },
  {
    "region": "Тосненский",
    "unit": "Никольское ГП",
    "unit_center": "г Никольское"
  },
  {
    "region": "Тосненский",
    "unit": "Тельмановское ГП",
    "unit_center": "п Тельмана"
  },
  {
    "region": "Тосненский",
    "unit": "Ульяновское ГП",
    "unit_center": "гп Ульяновка"
  },
  {
    "region": "Тосненский",
    "unit": "Любанское ГП",
    "unit_center": "г Любань"
  },
  {
    "region": "Тосненский",
    "unit": "Фёдоровское ГП",
    "unit_center": "гп Фёдоровское"
  },
  {
    "region": "Тосненский",
    "unit": "Форносовское ГП",
    "unit_center": "гп Форносово"
  },
  {
    "region": "Тосненский",
    "unit": "Красноборское ГП",
    "unit_center": "гп Красный Бор"
  },
  {
    "region": "Тосненский",
    "unit": "Нурминское СП",
    "unit_center": "д Нурма"
  },
  {
    "region": "Тосненский",
    "unit": "Рябовское ГП",
    "unit_center": "гп Рябово"
  }
]